tick,debris,inflammation,dopamine,neurons_healthy,neurons_compromised,neurons_apoptotic,neurons_ruptures,free_alpha,alpha_aggregate
1,0.100000,0.059748,0.870000,20,0,0,0,800,0
2,0.100000,0.041115,0.915500,20,0,0,0,800,0
3,0.100000,0.023974,0.945075,20,0,0,0,800,0
4,0.100000,0.008203,0.964299,20,0,0,0,800,0
5,0.100000,0.000000,0.976794,20,0,0,0,799,0
6,0.100000,0.000000,0.984916,20,0,0,0,798,0
7,0.100000,0.000000,0.990196,20,0,0,0,798,0
8,0.100000,0.000000,0.993627,20,0,0,0,798,0
9,0.100000,0.000000,0.995858,20,0,0,0,798,0
10,0.100000,0.000000,0.997307,20,0,0,0,798,0
11,0.100000,0.000000,0.998250,20,0,0,0,798,0
12,0.100000,0.000000,0.998862,20,0,0,0,793,0
13,0.100000,0.000000,0.999261,20,0,0,0,791,0
14,0.100000,0.000000,0.999519,20,0,0,0,791,0
15,0.100000,0.000000,0.999688,20,0,0,0,790,0
16,0.100000,0.000000,0.999797,20,0,0,0,789,0
17,0.100000,0.000000,0.999868,20,0,0,0,787,0
18,0.100000,0.000000,0.999914,20,0,0,0,781,1
19,0.100000,0.000000,0.999944,20,0,0,0,779,1
20,0.100000,0.000000,0.999964,20,0,0,0,777,1
21,0.100000,0.000000,0.999976,20,0,0,0,775,1
22,0.100000,0.000000,0.988610,20,0,0,0,772,1
23,0.100000,0.000000,0.981221,20,0,0,0,769,1
24,0.100000,0.000000,0.976419,20,0,0,0,768,1
25,0.100000,0.000000,0.967172,20,0,0,0,763,1
26,0.100000,0.000000,0.961162,20,0,0,0,759,1
27,0.100000,0.000000,0.945880,20,0,0,0,758,1
28,0.100000,0.000000,0.935947,20,0,0,0,752,1
29,0.100000,0.000000,0.929491,20,0,0,0,747,1
30,0.100000,0.000000,0.902544,20,0,0,0,743,1
31,0.100000,0.000000,0.907779,20,0,0,0,739,1
32,0.100000,0.000000,0.905056,20,0,0,0,732,1
33,0.100000,0.000000,0.898036,20,0,0,0,728,1
34,0.100000,0.000000,0.869849,20,0,0,0,728,1
35,0.100000,0.000000,0.834027,20,0,0,0,724,1
36,0.100000,0.000000,0.839617,20,0,0,0,717,1
37,0.100000,0.000000,0.831876,20,0,0,0,712,2
38,0.100000,0.000000,0.820720,20,0,0,0,711,2
39,0.100000,0.000000,0.822961,19,1,0,0,709,2
40,0.100000,0.000000,0.814925,19,1,0,0,703,2
41,0.100000,0.000000,0.798326,19,1,0,0,695,2
42,0.100000,0.000000,0.779662,18,2,0,0,690,2
43,0.100000,0.000000,0.773655,18,2,0,0,684,2
44,0.100000,0.000000,0.792501,18,2,0,0,679,2
45,0.100000,0.001301,0.808119,18,2,0,0,674,2
46,0.100000,0.002498,0.821028,18,2,0,0,667,2
47,0.100000,0.003599,0.823293,17,3,0,0,661,2
48,0.100000,0.004612,0.828134,17,3,0,0,656,2
49,0.100000,0.007460,0.816537,17,3,0,0,648,3
50,0.100000,0.010081,0.808999,17,3,0,0,647,3
51,0.100000,0.016156,0.797974,17,3,0,0,641,4
52,0.100000,0.023497,0.790808,17,3,0,0,636,4
53,0.100000,0.030251,0.792275,17,3,0,0,629,4
54,0.100000,0.036465,0.807973,17,3,0,0,626,4
55,0.100000,0.042181,0.820932,17,3,0,0,620,4
56,0.100000,0.047441,0.826600,17,3,0,0,616,4
57,0.100000,0.052279,0.815540,17,3,0,0,611,4
58,0.100000,0.056730,0.805595,16,4,0,0,601,4
59,0.100000,0.060826,0.795762,16,4,0,0,595,4
60,0.100000,0.064593,0.792739,16,4,0,0,588,4
61,0.100000,0.068059,0.787405,16,4,0,0,582,4
62,0.100000,0.071248,0.787307,16,4,0,0,579,4
63,0.100000,0.075882,0.783875,16,4,0,0,571,4
64,0.100000,0.080145,0.785012,15,5,0,0,565,4
65,0.100000,0.084067,0.783302,15,4,1,0,560,4
66,0.100000,0.087675,0.782190,15,4,1,0,556,4
67,0.100000,0.090994,0.770092,15,4,1,0,551,4
68,0.100000,0.094048,0.748097,15,4,1,0,545,4
69,0.100000,0.096858,0.730432,15,4,1,0,538,4
70,0.100000,0.101092,0.729187,15,4,1,0,536,4
71,0.100000,0.104988,0.721640,15,4,1,0,531,4
72,0.100000,0.108572,0.716735,15,4,1,0,523,4
73,0.100000,0.111869,0.752834,15,3,2,0,515,4
74,0.100000,0.114903,0.772930,15,3,2,0,510,4
75,0.100000,0.117694,0.785992,15,3,2,0,503,4
76,0.100000,0.120261,0.797851,15,3,2,0,495,4
77,0.100000,0.122623,0.802191,15,3,2,0,490,4
78,0.100000,0.124796,0.808380,15,3,2,0,485,4
79,0.100000,0.126796,0.809035,15,3,2,0,480,4
80,0.100000,0.128635,0.801454,15,3,2,0,477,4
81,0.100000,0.130327,0.793157,15,3,2,0,475,4
82,0.100000,0.131884,0.764140,15,3,2,0,470,4
83,0.100000,0.133316,0.745278,15,3,2,0,465,4
84,0.100000,0.134634,0.739143,15,3,2,0,458,4
85,0.100000,0.135846,0.732399,15,3,2,0,455,4
86,0.189659,0.138563,0.747353,15,3,1,1,449,4
87,0.186969,0.141061,0.733448,15,3,1,1,443,4
88,0.184360,0.143360,0.724410,15,3,1,1,436,4
89,0.181830,0.145475,0.718535,15,3,1,1,432,4
90,0.179375,0.147421,0.741842,14,4,1,1,427,4
91,0.176993,0.149211,0.755241,14,4,1,1,426,4
92,0.174684,0.150858,0.748200,14,4,1,1,418,4
93,0.172443,0.152373,0.770749,14,4,1,1,415,4
94,0.259929,0.153767,0.784487,14,4,0,2,413,4
95,0.255131,0.156603,0.764541,14,4,0,2,411,4
96,0.250477,0.159212,0.748821,13,5,0,2,405,4
97,0.245963,0.161613,0.735233,12,6,0,2,399,4
98,0.241584,0.163821,0.726402,12,6,0,2,398,4
99,0.237337,0.165853,0.712786,11,7,0,2,396,4
100,0.233216,0.167722,0.707305,11,7,0,2,390,4
101,0.229220,0.169441,0.700373,11,7,0,2,384,4
102,0.225343,0.171023,0.699236,11,7,0,2,379,4
103,0.221583,0.172479,0.695129,11,7,0,2,374,4
104,0.217936,0.173818,0.695827,11,7,0,2,367,4
105,0.214398,0.175050,0.692913,11,7,0,2,364,4
106,0.210966,0.176183,0.694387,11,7,0,2,358,4
107,0.207637,0.177226,0.691977,11,7,0,2,356,4
108,0.204408,0.178185,0.690410,11,7,0,2,354,4
109,0.201275,0.179068,0.692760,11,7,0,2,353,4
110,0.198237,0.179880,0.690919,11,7,0,2,350,4
111,0.195290,0.180626,0.689722,11,7,0,2,348,4
112,0.192431,0.181314,0.692313,11,7,0,2,346,4
113,0.189658,0.181946,0.693997,11,7,0,2,344,4
114,0.186969,0.182528,0.699598,12,6,0,2,341,4
115,0.184359,0.183063,0.706608,12,6,0,2,338,4
116,0.181829,0.183555,0.707795,12,6,0,2,336,4
117,0.179374,0.184008,0.708567,12,6,0,2,332,4
118,0.176993,0.184425,0.709068,12,6,0,2,330,4
119,0.174683,0.184808,0.709394,12,6,0,2,328,4
120,0.172442,0.185161,0.709606,12,6,0,2,326,4
121,0.170269,0.185485,0.713113,12,6,0,2,324,4
122,0.168161,0.185784,0.712023,12,6,0,2,323,4
123,0.166116,0.186058,0.714684,12,6,0,2,323,4
124,0.164133,0.186311,0.713045,12,6,0,2,322,4
125,0.162209,0.186543,0.711979,12,6,0,2,317,4
126,0.160342,0.186757,0.711286,12,6,0,2,315,4
127,0.158532,0.186954,0.710836,12,6,0,2,309,4
128,0.156776,0.187135,0.713912,12,6,0,2,308,4
129,0.155073,0.187302,0.712543,12,6,0,2,307,4
130,0.153421,0.187455,0.711653,12,6,0,2,305,4
131,0.151818,0.187596,0.714443,12,6,0,2,304,4
132,0.150264,0.187725,0.712888,12,6,0,2,303,4
133,0.148756,0.187845,0.715246,12,6,0,2,300,4
134,0.147293,0.187954,0.723035,12,6,0,2,299,4
135,0.145874,0.188055,0.728098,12,6,0,2,295,4
136,0.144498,0.188148,0.731388,12,6,0,2,293,4
137,0.143163,0.188234,0.733528,12,6,0,2,292,4
138,0.141868,0.188312,0.734918,12,6,0,2,292,4
139,0.140612,0.188385,0.735822,12,6,0,2,290,4
140,0.139394,0.188451,0.736409,12,6,0,2,288,4
141,0.138212,0.188513,0.736791,12,6,0,2,286,4
142,0.137066,0.188569,0.737039,12,6,0,2,281,4
143,0.135954,0.188621,0.737200,12,6,0,2,277,4
144,0.134875,0.188668,0.737305,12,6,0,2,276,4
145,0.133829,0.188712,0.737373,12,6,0,2,276,4
146,0.132814,0.188753,0.737418,12,6,0,2,273,4
147,0.131829,0.188790,0.737447,12,6,0,2,273,4
148,0.130875,0.188824,0.737465,12,6,0,2,271,4
149,0.129948,0.188855,0.737477,12,6,0,2,271,4
150,0.129050,0.188884,0.737485,12,6,0,2,269,4
151,0.128178,0.188911,0.747115,12,6,0,2,267,4
152,0.127333,0.188935,0.753375,12,6,0,2,265,4
153,0.126513,0.188958,0.757444,12,6,0,2,264,4
154,0.125718,0.188978,0.760088,12,6,0,2,263,4
155,0.124946,0.188998,0.745926,12,6,0,2,262,4
156,0.124198,0.189015,0.742977,12,6,0,2,262,4
157,0.123472,0.189031,0.741060,12,6,0,2,262,4
158,0.122768,0.189046,0.739814,12,6,0,2,262,4
159,0.122085,0.189060,0.748629,12,6,0,2,260,4
160,0.121422,0.189072,0.754359,12,6,0,2,260,4
161,0.120779,0.189084,0.758083,12,6,0,2,260,4
162,0.120156,0.189094,0.760504,12,6,0,2,258,4
163,0.119551,0.189104,0.762078,12,6,0,2,258,4
164,0.118965,0.189113,0.763101,12,6,0,2,258,4
165,0.118396,0.189121,0.763765,12,6,0,2,257,4
166,0.117844,0.189129,0.764197,12,6,0,2,255,4
167,0.117309,0.189136,0.764478,12,6,0,2,254,4
168,0.116789,0.189143,0.764661,12,6,0,2,254,4
169,0.116286,0.189148,0.764780,12,6,0,2,253,4
170,0.115797,0.189154,0.764857,12,6,0,2,253,4
171,0.115323,0.189159,0.764907,12,6,0,2,252,4
172,0.114864,0.189164,0.764939,12,6,0,2,247,4
173,0.114418,0.189168,0.764961,12,6,0,2,245,4
174,0.113985,0.189172,0.764974,12,6,0,2,244,4
175,0.113566,0.189175,0.764983,12,6,0,2,243,4
176,0.113159,0.189179,0.764989,12,6,0,2,242,4
177,0.112764,0.189182,0.764993,12,6,0,2,242,4
178,0.112381,0.189184,0.764995,12,6,0,2,241,4
179,0.112009,0.189187,0.764997,12,6,0,2,241,4
180,0.111649,0.189189,0.764998,12,6,0,2,241,4
181,0.111300,0.189192,0.764999,12,6,0,2,240,4
182,0.110961,0.189194,0.764999,12,6,0,2,238,4
183,0.110632,0.189195,0.764999,12,6,0,2,238,4
184,0.110313,0.189197,0.765000,12,6,0,2,235,4
185,0.110004,0.189199,0.765000,12,6,0,2,235,4
186,0.109703,0.189200,0.772875,13,5,0,2,233,4
187,0.109412,0.189201,0.777994,13,5,0,2,233,4
188,0.109130,0.189203,0.781321,13,5,0,2,232,4
189,0.108856,0.189204,0.783484,13,5,0,2,232,4
190,0.108590,0.189205,0.784889,13,5,0,2,231,4
191,0.108333,0.189206,0.793678,14,4,0,2,231,4
192,0.108083,0.189207,0.799391,14,4,0,2,230,4
193,0.107840,0.189207,0.803104,14,4,0,2,228,4
194,0.107605,0.189208,0.805518,14,4,0,2,227,4
195,0.107377,0.189209,0.807086,14,4,0,2,227,4
196,0.107156,0.189209,0.808106,14,4,0,2,226,4
197,0.106941,0.189210,0.808769,14,4,0,2,223,4
198,0.106733,0.189211,0.809200,14,4,0,2,223,4
199,0.106531,0.189211,0.809480,14,4,0,2,221,4
200,0.106335,0.189211,0.809662,14,4,0,2,220,4
201,0.106145,0.189212,0.809780,14,4,0,2,220,4
202,0.105960,0.189212,0.809857,14,4,0,2,219,4
203,0.105782,0.189213,0.809907,14,4,0,2,217,4
204,0.105608,0.189213,0.809940,14,4,0,2,216,4
205,0.105440,0.189213,0.809961,14,4,0,2,216,4
206,0.105277,0.189214,0.809975,14,4,0,2,214,5
207,0.105118,0.189214,0.809983,14,4,0,2,214,5
208,0.104965,0.189214,0.809989,14,4,0,2,214,5
209,0.104816,0.189214,0.809993,14,4,0,2,213,5
210,0.104671,0.189214,0.809995,14,4,0,2,212,5
211,0.104531,0.189215,0.809997,14,4,0,2,210,5
212,0.104395,0.189215,0.809998,14,4,0,2,210,5
213,0.104263,0.189215,0.809999,14,4,0,2,210,5
214,0.104136,0.189215,0.809999,14,4,0,2,210,5
215,0.104012,0.189215,0.809999,14,4,0,2,209,5
216,0.103891,0.189215,0.802125,13,5,0,2,209,5
217,0.103774,0.189215,0.797006,13,5,0,2,209,5
218,0.103661,0.189215,0.793679,13,5,0,2,209,5
219,0.103551,0.189216,0.791516,13,5,0,2,208,5
220,0.103445,0.189216,0.790111,13,5,0,2,208,5
221,0.103341,0.189216,0.789197,13,5,0,2,208,5
222,0.103241,0.189216,0.788603,13,5,0,2,208,5
223,0.103144,0.189216,0.788217,13,5,0,2,208,5
224,0.103050,0.189216,0.787966,13,5,0,2,207,5
225,0.102958,0.189216,0.787803,13,5,0,2,206,5
226,0.102869,0.189216,0.787697,13,5,0,2,205,5
227,0.102783,0.189216,0.787628,13,5,0,2,204,5
228,0.102700,0.189216,0.787583,13,5,0,2,203,5
229,0.102619,0.189216,0.787554,13,5,0,2,203,5
230,0.102540,0.189216,0.787535,13,5,0,2,203,5
231,0.102464,0.189216,0.787523,13,5,0,2,203,5
232,0.102390,0.189216,0.787515,13,5,0,2,203,5
233,0.102318,0.189216,0.787510,13,5,0,2,203,5
234,0.102249,0.189216,0.787506,13,5,0,2,202,5
235,0.102181,0.189216,0.787504,13,5,0,2,201,5
236,0.102116,0.189216,0.787503,13,5,0,2,199,5
237,0.102053,0.189216,0.787502,13,5,0,2,199,5
238,0.101991,0.189216,0.787501,13,5,0,2,196,5
239,0.101931,0.189216,0.787501,13,5,0,2,195,5
240,0.101873,0.189216,0.787500,13,5,0,2,195,5
241,0.101817,0.189216,0.787500,13,5,0,2,195,5
242,0.101763,0.189216,0.787500,13,5,0,2,195,5
243,0.101710,0.189216,0.787500,13,5,0,2,193,5
244,0.101658,0.189216,0.779625,12,6,0,2,190,5
245,0.101609,0.189217,0.774506,12,6,0,2,188,5
246,0.101560,0.189217,0.771179,12,6,0,2,186,5
247,0.101514,0.189217,0.769016,12,6,0,2,185,5
248,0.101468,0.189217,0.767611,12,6,0,2,183,5
249,0.101424,0.189217,0.766697,12,6,0,2,183,5
250,0.101381,0.189217,0.766103,12,6,0,2,181,5
251,0.101340,0.189217,0.765717,12,6,0,2,180,5
252,0.101300,0.189217,0.765466,12,6,0,2,180,5
253,0.101261,0.189217,0.765303,12,6,0,2,178,5
254,0.101223,0.189217,0.765197,12,6,0,2,177,5
255,0.101186,0.189217,0.765128,12,6,0,2,176,5
256,0.101151,0.189217,0.765083,12,6,0,2,176,5
257,0.101116,0.189217,0.765054,12,6,0,2,175,5
258,0.101083,0.189217,0.765035,12,6,0,2,173,5
259,0.101050,0.189217,0.765023,12,6,0,2,171,6
260,0.101019,0.189217,0.765015,12,6,0,2,170,6
261,0.100988,0.189217,0.765010,12,6,0,2,170,6
262,0.100958,0.189217,0.765006,12,6,0,2,170,6
263,0.100930,0.189217,0.756998,13,5,0,2,170,6
264,0.100902,0.189217,0.758049,13,5,0,2,170,6
265,0.100875,0.189217,0.750025,13,4,1,2,170,6
266,0.100849,0.189217,0.744810,13,4,1,2,169,6
267,0.100823,0.189217,0.741420,13,4,1,2,168,6
268,0.100798,0.189217,0.739217,13,4,1,2,168,6
269,0.100774,0.189217,0.737785,13,4,1,2,168,6
270,0.100751,0.189217,0.736854,13,4,1,2,167,6
271,0.100729,0.189217,0.736249,13,4,1,2,167,6
272,0.100707,0.189217,0.735855,13,4,1,2,167,6
273,0.100686,0.189217,0.735600,13,4,1,2,166,6
274,0.100665,0.189217,0.735434,13,4,1,2,164,6
275,0.100645,0.189217,0.735326,13,4,1,2,164,6
276,0.100626,0.189217,0.735255,13,4,1,2,164,6
277,0.100607,0.189217,0.735210,13,4,1,2,163,6
278,0.100589,0.189217,0.735180,13,4,1,2,163,6
279,0.100571,0.189217,0.735161,13,4,1,2,161,6
280,0.100554,0.189217,0.735148,13,4,1,2,160,6
281,0.100537,0.189217,0.735140,13,4,1,2,160,6
282,0.100521,0.189217,0.735135,13,4,1,2,160,6
283,0.100506,0.189217,0.735131,13,4,1,2,160,6
284,0.100490,0.189217,0.744754,13,4,1,2,160,5
285,0.100476,0.189217,0.751009,13,4,1,2,160,5
286,0.190121,0.189217,0.754156,13,4,0,3,160,5
287,0.187417,0.189217,0.756201,13,4,0,3,160,5
288,0.184795,0.189217,0.757531,13,4,0,3,160,5
289,0.182251,0.189217,0.758395,13,4,0,3,160,5
290,0.179783,0.189217,0.758957,13,4,0,3,158,5
291,0.177390,0.189217,0.759322,13,4,0,3,158,5
292,0.175068,0.189217,0.759559,13,4,0,3,157,5
293,0.172816,0.189217,0.759714,13,4,0,3,157,5
294,0.170631,0.189217,0.759814,13,4,0,3,157,5
295,0.168513,0.189217,0.759879,13,4,0,3,157,5
296,0.166457,0.189217,0.752046,12,5,0,3,157,5
297,0.164463,0.189217,0.746955,12,5,0,3,157,5
298,0.162530,0.189217,0.743646,12,5,0,3,156,5
299,0.160654,0.189217,0.741495,12,5,0,3,156,5
300,0.158834,0.189217,0.740097,12,5,0,3,156,5
301,0.157069,0.189217,0.739188,12,5,0,3,156,5
302,0.155357,0.189217,0.738597,12,5,0,3,156,5
303,0.153696,0.189217,0.738213,12,5,0,3,155,5
304,0.152085,0.189217,0.737964,12,5,0,3,155,5
305,0.150523,0.189217,0.737801,12,5,0,3,155,5
306,0.149007,0.189217,0.737696,12,5,0,3,155,5
307,0.147537,0.189217,0.737627,12,5,0,3,155,5
308,0.146111,0.189217,0.737583,12,5,0,3,155,5
309,0.144727,0.189217,0.737554,12,5,0,3,155,5
310,0.143386,0.189217,0.737535,12,5,0,3,154,5
311,0.142084,0.189217,0.737523,12,5,0,3,153,5
312,0.140822,0.189217,0.737515,12,5,0,3,153,5
313,0.139597,0.189217,0.737510,12,5,0,3,153,5
314,0.138409,0.189217,0.737506,12,5,0,3,153,5
315,0.137257,0.189217,0.737504,12,5,0,3,153,5
316,0.136139,0.189217,0.737503,12,5,0,3,153,5
317,0.135055,0.189217,0.737502,12,5,0,3,152,5
318,0.134003,0.189217,0.737501,12,5,0,3,151,5
319,0.132983,0.189217,0.737501,12,5,0,3,150,5
320,0.131994,0.189217,0.737500,12,5,0,3,150,5
321,0.131034,0.189217,0.737500,12,5,0,3,149,5
322,0.130103,0.189217,0.737500,12,5,0,3,149,5
323,0.129200,0.189217,0.737500,12,5,0,3,149,5
324,0.128324,0.189217,0.737500,12,5,0,3,149,5
325,0.127474,0.189217,0.737500,12,5,0,3,149,5
326,0.126650,0.189217,0.737500,12,5,0,3,147,5
327,0.125850,0.189217,0.737500,12,5,0,3,147,5
328,0.125075,0.189217,0.737500,12,5,0,3,147,5
329,0.124323,0.189217,0.737500,12,5,0,3,147,5
330,0.123593,0.189217,0.737500,12,5,0,3,146,5
331,0.122885,0.189217,0.737500,12,5,0,3,145,5
332,0.122199,0.189217,0.737500,12,5,0,3,145,5
333,0.121533,0.189217,0.737500,12,5,0,3,145,5
334,0.120887,0.189217,0.737500,12,5,0,3,145,5
335,0.120260,0.189217,0.737500,12,5,0,3,145,5
336,0.119652,0.189217,0.737500,12,5,0,3,145,5
337,0.119063,0.189217,0.737500,12,5,0,3,145,5
338,0.118491,0.189217,0.737500,12,5,0,3,144,5
339,0.117936,0.189217,0.737500,12,5,0,3,144,5
340,0.117398,0.189217,0.737500,12,5,0,3,143,5
341,0.116876,0.189217,0.737500,12,5,0,3,143,5
342,0.116370,0.189217,0.737500,12,5,0,3,143,5
343,0.115879,0.189217,0.737500,12,5,0,3,143,5
344,0.115402,0.189217,0.737500,12,5,0,3,142,5
345,0.114940,0.189217,0.737500,12,5,0,3,142,5
346,0.114492,0.189217,0.737500,12,5,0,3,141,5
347,0.114057,0.189217,0.737500,12,5,0,3,140,5
348,0.113636,0.189217,0.737500,12,5,0,3,140,5
349,0.113226,0.189217,0.737500,12,5,0,3,140,5
350,0.112830,0.189217,0.737500,12,5,0,3,139,5
351,0.112445,0.189217,0.737500,12,5,0,3,139,5
352,0.112071,0.189217,0.737500,12,5,0,3,139,5
353,0.111709,0.189217,0.737500,12,5,0,3,139,5
354,0.111358,0.189217,0.737500,12,5,0,3,139,5
355,0.111017,0.189217,0.737500,12,5,0,3,139,5
356,0.110687,0.189217,0.737500,12,5,0,3,138,5
357,0.110366,0.189217,0.737500,12,5,0,3,138,5
358,0.110055,0.189217,0.737500,12,5,0,3,138,5
359,0.109754,0.189217,0.737500,12,5,0,3,138,5
360,0.109461,0.189217,0.745375,13,4,0,3,137,5
361,0.109177,0.189217,0.750494,13,4,0,3,137,5
362,0.108902,0.189217,0.753821,13,4,0,3,136,5
363,0.108635,0.189217,0.755984,13,4,0,3,135,5
364,0.108376,0.189217,0.757389,13,4,0,3,135,5
365,0.108124,0.189217,0.758303,13,4,0,3,135,5
366,0.107881,0.189217,0.758897,13,4,0,3,135,5
367,0.107644,0.189217,0.759283,13,4,0,3,135,5
368,0.107415,0.189217,0.759534,13,4,0,3,134,5
369,0.107192,0.189217,0.759697,13,4,0,3,132,5
370,0.106977,0.189217,0.759803,13,4,0,3,131,5
371,0.106767,0.189217,0.759872,13,4,0,3,131,5
372,0.106564,0.189217,0.759917,13,4,0,3,131,5
373,0.106367,0.189217,0.759946,13,4,0,3,130,5
374,0.106176,0.189217,0.759965,13,4,0,3,130,5
375,0.105991,0.189217,0.759977,13,4,0,3,130,5
376,0.105811,0.189217,0.759985,13,4,0,3,130,5
377,0.105637,0.189217,0.759990,13,4,0,3,129,5
378,0.105468,0.189217,0.759994,13,4,0,3,129,5
379,0.105304,0.189217,0.759996,13,4,0,3,129,5
380,0.105145,0.189217,0.759997,13,4,0,3,128,5
381,0.104990,0.189217,0.759998,13,4,0,3,127,5
382,0.104841,0.189217,0.759999,13,4,0,3,126,5
383,0.104696,0.189217,0.759999,13,4,0,3,124,5
384,0.104555,0.189217,0.760000,13,4,0,3,123,5
385,0.104418,0.189217,0.760000,13,4,0,3,123,5
386,0.104285,0.189217,0.760000,13,4,0,3,123,5
387,0.104157,0.189217,0.760000,13,4,0,3,123,5
388,0.104032,0.189217,0.760000,13,4,0,3,123,5
389,0.103911,0.189217,0.760000,13,4,0,3,123,5
390,0.103794,0.189217,0.760000,13,4,0,3,122,5
391,0.103680,0.189217,0.760000,13,4,0,3,122,5
392,0.103570,0.189217,0.760000,13,4,0,3,122,5
393,0.103463,0.189217,0.760000,13,4,0,3,122,5
394,0.103359,0.189217,0.760000,13,4,0,3,122,5
395,0.103258,0.189217,0.760000,13,4,0,3,122,5
396,0.103160,0.189217,0.760000,13,4,0,3,122,5
397,0.103065,0.189217,0.753744,13,4,0,3,122,5
398,0.102973,0.189217,0.746308,13,4,0,3,122,5
399,0.102884,0.189217,0.741475,13,4,0,3,122,5
400,0.102798,0.189217,0.738334,13,4,0,3,122,5
401,0.102714,0.189217,0.739661,13,4,0,3,122,5
402,0.102632,0.189217,0.737155,13,4,0,3,122,5
403,0.102553,0.189217,0.735525,13,4,0,3,122,5
404,0.102477,0.189217,0.734467,13,4,0,3,121,5
405,0.102402,0.189217,0.733778,13,4,0,3,121,5
406,0.102330,0.189217,0.733331,13,4,0,3,121,5
407,0.102260,0.189217,0.733040,13,4,0,3,119,5
408,0.102193,0.189217,0.732851,13,4,0,3,119,5
409,0.102127,0.189217,0.732728,13,4,0,3,119,5
410,0.102063,0.189217,0.732648,13,4,0,3,119,5
411,0.102001,0.189217,0.735965,13,4,0,3,119,5
412,0.101941,0.189217,0.734752,13,4,0,3,118,5
413,0.101883,0.189217,0.733964,13,4,0,3,118,5
414,0.101826,0.189217,0.733452,13,4,0,3,118,5
415,0.101772,0.189217,0.733119,13,4,0,3,118,5
416,0.101719,0.189217,0.732902,13,4,0,3,118,5
417,0.101667,0.189217,0.732761,13,4,0,3,118,5
418,0.101617,0.189217,0.736039,13,4,0,3,117,4
419,0.101568,0.189217,0.734800,13,4,0,3,117,4
420,0.101521,0.189217,0.733995,13,4,0,3,117,4
421,0.101476,0.189217,0.733472,13,4,0,3,117,4
422,0.101431,0.189217,0.733132,13,4,0,3,117,4
423,0.101389,0.189217,0.732911,13,4,0,3,117,4
424,0.101347,0.189217,0.732767,13,4,0,3,117,4
425,0.101306,0.189217,0.732673,13,4,0,3,117,4
426,0.101267,0.189217,0.742238,13,4,0,3,117,4
427,0.101229,0.189217,0.748455,13,4,0,3,117,4
428,0.101192,0.189217,0.752495,13,4,0,3,117,4
429,0.101157,0.189217,0.755122,13,4,0,3,116,4
430,0.101122,0.189217,0.756829,13,4,0,3,116,4
431,0.101088,0.189217,0.757939,13,4,0,3,116,4
432,0.101056,0.189217,0.758660,13,4,0,3,116,4
433,0.101024,0.189217,0.759129,13,4,0,3,116,4
434,0.100993,0.189217,0.759434,13,4,0,3,116,4
435,0.100963,0.189217,0.759632,13,4,0,3,116,4
436,0.100935,0.189217,0.759761,13,4,0,3,116,4
437,0.100906,0.189217,0.759845,13,4,0,3,115,4
438,0.100879,0.189217,0.759899,13,4,0,3,115,4
439,0.100853,0.189217,0.759934,13,4,0,3,115,4
440,0.100827,0.189217,0.759957,13,4,0,3,114,4
441,0.100802,0.189217,0.759972,13,4,0,3,114,4
442,0.100778,0.189217,0.759982,13,4,0,3,113,4
443,0.100755,0.189217,0.759988,13,4,0,3,113,4
444,0.100732,0.189217,0.759992,13,4,0,3,113,4
445,0.100710,0.189217,0.759995,13,4,0,3,113,4
446,0.100689,0.189217,0.759997,13,4,0,3,113,4
447,0.100668,0.189217,0.759998,13,4,0,3,113,4
448,0.100648,0.189217,0.759999,13,4,0,3,113,4
449,0.100629,0.189217,0.759999,13,4,0,3,113,4
450,0.100610,0.189217,0.759999,13,4,0,3,113,4
451,0.100592,0.189217,0.760000,13,4,0,3,112,4
452,0.100574,0.189217,0.760000,13,4,0,3,111,4
453,0.100557,0.189217,0.760000,13,4,0,3,111,4
454,0.100540,0.189217,0.760000,13,4,0,3,111,4
455,0.100524,0.189217,0.760000,13,4,0,3,110,4
456,0.100508,0.189217,0.760000,13,4,0,3,110,4
457,0.100493,0.189217,0.760000,13,4,0,3,110,4
458,0.100478,0.189217,0.760000,13,4,0,3,109,4
459,0.100464,0.189217,0.760000,13,4,0,3,108,4
460,0.100450,0.189217,0.760000,13,4,0,3,108,4
461,0.100436,0.189217,0.760000,13,4,0,3,108,4
462,0.100423,0.189217,0.760000,13,4,0,3,108,4
463,0.100411,0.189217,0.760000,13,4,0,3,108,4
464,0.100398,0.189217,0.760000,13,4,0,3,108,4
465,0.100386,0.189217,0.760000,13,4,0,3,107,4
466,0.100375,0.189217,0.760000,13,4,0,3,107,4
467,0.100364,0.189217,0.760000,13,4,0,3,107,4
468,0.100353,0.189217,0.760000,13,4,0,3,107,4
469,0.100342,0.189217,0.760000,13,4,0,3,107,4
470,0.100332,0.189217,0.760000,13,4,0,3,107,4
471,0.100322,0.189217,0.760000,13,4,0,3,107,4
472,0.100312,0.189217,0.760000,13,4,0,3,107,4
473,0.100303,0.189217,0.760000,13,4,0,3,106,4
474,0.100294,0.189217,0.760000,13,4,0,3,106,4
475,0.100285,0.189217,0.760000,13,4,0,3,105,4
476,0.100276,0.189217,0.760000,13,4,0,3,105,4
477,0.100268,0.189217,0.760000,13,4,0,3,105,4
478,0.100260,0.189217,0.760000,13,4,0,3,105,4
479,0.100252,0.189217,0.760000,13,4,0,3,105,4
480,0.100245,0.189217,0.760000,13,4,0,3,104,4
481,0.100237,0.189217,0.760000,13,4,0,3,104,4
482,0.100230,0.189217,0.760000,13,4,0,3,104,4
483,0.100223,0.189217,0.760000,13,4,0,3,103,4
484,0.100217,0.189217,0.760000,13,4,0,3,103,4
485,0.100210,0.189217,0.760000,13,4,0,3,103,4
486,0.100204,0.189217,0.760000,13,4,0,3,103,4
487,0.100198,0.189217,0.760000,13,4,0,3,103,4
488,0.100192,0.189217,0.760000,13,4,0,3,102,4
489,0.100186,0.189217,0.760000,13,4,0,3,102,4
490,0.100180,0.189217,0.760000,13,4,0,3,102,4
491,0.100175,0.189217,0.760000,13,4,0,3,102,4
492,0.100170,0.189217,0.760000,13,4,0,3,102,4
493,0.100165,0.189217,0.760000,13,4,0,3,102,4
494,0.100160,0.189217,0.760000,13,4,0,3,102,4
495,0.100155,0.189217,0.760000,13,4,0,3,102,4
496,0.100150,0.189217,0.760000,13,4,0,3,101,4
497,0.100146,0.189217,0.760000,13,4,0,3,101,4
498,0.100141,0.189217,0.760000,13,4,0,3,101,4
499,0.100137,0.189217,0.760000,13,4,0,3,101,4
500,0.100133,0.189217,0.760000,13,4,0,3,101,4
